"G1","G2","C","A","Bx","By","Bz","Error_G1","Error_G2","Error_C","Error_A","Error_Bx","Error_By","Error_Bz","MSE","Laser_Power","Laser_Detuning","Temp","PP"
108.33,183.75,0.51571,0.0038211,309.95,-64.887,64.624,61.913,126.12,6.2023e-10,3.3881e-09,36.16,35.954,31.165,9.1241e-07,70,-35,98,0.018765
63.381,62.11,0.73322,0.0073075,322.89,-51.41,11.235,69.618,63.81,9.897e-10,4.0313e-09,17.849,18.369,7.4604,1.5258e-06,95.454545,-35,98,0.019359
35.2,36.522,0.97424,0.013766,316.93,-61.5,-2.1562,57.142,60.771,1.5151e-09,7.0152e-09,7.9245,8.7289,3.3934,2.5581e-06,120.909091,-35,98,0.022479
73.263,92.623,1.1939,0.019179,321.39,-63.624,-104.11,22.839,33.119,3.6884e-09,1.8368e-08,9.7675,9.8457,5.4276,5.9639e-06,146.363636,-35,98,0.023707
82.823,103.04,1.4276,0.02692,320.86,-64.448,-68.48,18.061,24.567,6.0917e-09,2.9079e-08,7.8692,7.886,4.4245,9.4694e-06,171.818182,-35,98,0.030223
96.429,124.07,1.6507,0.033061,315.99,-58.502,-11.813,10.017,13.73,5.6335e-09,2.6312e-08,4.5544,4.5663,2.7654,8.3496e-06,197.272727,-35,98,0.029003
84.243,104.3,1.8999,0.042053,315.69,-69.796,-77.824,7.5291,10.102,6.185e-09,2.9171e-08,3.2404,3.2484,1.8347,9.5578e-06,222.727273,-35,98,0.033015
77.778,103.14,2.1257,0.053757,321.51,-67.951,-116.78,7.7591,12.099,1.0882e-08,5.5456e-08,3.637,3.6294,2.1584,1.7527e-05,248.181818,-35,98,0.035731
59.037,88.647,2.3688,0.062346,317.28,-80.697,-123.41,6.1938,12.899,1.1684e-08,7.3149e-08,3.1826,3.1142,2.0177,2.102e-05,273.636364,-35,98,0.033243
69.123,95.621,2.5828,0.073907,319.66,-69.26,-112.45,5.2643,9.1296,1.3722e-08,7.5757e-08,2.5139,2.5224,1.5153,2.3118e-05,299.090909,-35,98,0.039394
63.806,89.187,2.7886,0.084987,321.31,-77.293,-137.11,4.8227,8.6598,1.6208e-08,9.1661e-08,2.3232,2.2699,1.3922,2.8028e-05,324.545455,-35,98,0.051457
64.427,92.25,2.9887,0.096705,320.68,-75.975,-147.32,4.4975,8.432,2.0405e-08,1.1735e-07,2.2589,2.2216,1.3987,3.5455e-05,350,-35,98,0.044568
87.806,99.766,0.48412,0.0060013,320.08,-77.236,-93.75,43.111,49.025,6.5935e-10,2.8165e-09,16.741,16.452,8.7215,9.8316e-07,70,-31,98,0.025712
54.665,64.569,0.69553,0.011921,322.12,-73.37,-63.861,22.95,30.463,1.0897e-09,5.5195e-09,7.9219,7.8026,3.901,1.8541e-06,95.454545,-31,99,0.029057
55.9,72.17,0.90352,0.018687,319.97,-65.847,-62.767,13.016,20.476,1.7271e-09,9.5274e-09,5.0731,5.2177,2.7612,2.999e-06,120.909091,-31,98,0.030926
49.712,62.417,1.1124,0.028578,321.13,-69.371,-66.389,10.962,16.546,2.9878e-09,1.6368e-08,3.8259,3.8787,1.9903,5.2599e-06,146.363636,-31,98,0.044336
74.482,101.8,1.3248,0.038325,327.82,-62.196,-71.447,6.1654,10.252,4.4899e-09,2.4239e-08,3.0168,3.0062,1.7934,7.3756e-06,171.818182,-31,98,0.039089
73.387,93.109,1.5379,0.049797,322.51,-65.295,-86.245,5.4604,7.9546,6.0032e-09,3.0175e-08,2.3615,2.368,1.3112,9.7138e-06,197.272727,-31,99,0.044915
75.123,101.75,1.768,0.064807,324.16,-69.141,-76.482,3.9558,6.4511,8.1539e-09,4.3484e-08,1.9024,1.8866,1.1295,1.3336e-05,222.727273,-31,99,0.044921
79.01,118.04,1.9802,0.079813,324.22,-69.66,-128.65,2.89,5.5578,1.0452e-08,5.8993e-08,1.6044,1.5898,1.0826,1.7242e-05,248.181818,-31,98,0.051109
75.662,109.98,2.197,0.094615,327.1,-71.427,-127.86,2.9856,5.5404,1.4388e-08,8.0385e-08,1.5969,1.57,1.0283,2.3906e-05,273.636364,-31,98,0.051061
73.572,115.63,2.405,0.1111,325.06,-71.067,-139.83,2.3658,5.0964,1.7078e-08,1.0337e-07,1.398,1.3808,0.97663,2.9197e-05,299.090909,-31,98,0.055964
70.486,103.69,2.5903,0.12742,327.23,-73.522,-152.88,2.3164,4.481,1.9883e-08,1.1376e-07,1.2523,1.2232,0.80667,3.3887e-05,324.545455,-31,98,0.058255
80.272,119.28,2.7746,0.14166,329.07,-72.305,-159.15,1.9328,3.6701,2.213e-08,1.2161e-07,1.0805,1.06,0.73244,3.6268e-05,350,-31,98,0.060211
51.898,69.357,0.44088,0.0081939,317.12,-56.068,-67.792,23.512,39.907,5.8916e-10,3.4118e-09,8.9559,9.6733,5.0933,1.0474e-06,70,-26,99,0.034223
75.667,106.02,0.63267,0.016135,324.63,-72.177,-49.436,7.9858,13.798,1.0706e-09,5.9236e-09,4.038,3.9789,2.4763,1.7626e-06,95.454545,-26,99,0.03581
68.672,91.581,0.82053,0.025939,325.31,-72.559,-59.327,5.0411,8.1472,1.5552e-09,8.4366e-09,2.3279,2.2833,1.3253,2.5991e-06,120.909091,-26,98,0.040331
72.514,103.38,1.0199,0.039085,325.21,-69.609,-77.961,3.674,6.6408,2.8819e-09,1.633e-08,1.8835,1.8633,1.1647,4.8248e-06,146.363636,-26,99,0.047122
80.737,114.68,1.2041,0.054025,329.08,-65.251,-86.244,3.2222,5.6136,5.0839e-09,2.7551e-08,1.6823,1.6656,1.0658,8.2163e-06,171.818182,-26,98,0.052955
75.866,107.35,1.3969,0.070243,328.47,-72.195,-82.408,2.6908,4.7403,6.9156e-09,3.8248e-08,1.3843,1.3559,0.85629,1.1394e-05,197.272727,-26,99,0.060215
74.132,110.65,1.5955,0.087837,328.29,-62.653,-91.996,1.9882,3.8899,8.4504e-09,4.9441e-08,1.0953,1.09,0.71312,1.4211e-05,222.727273,-26,98,0.063491
78.469,121.98,1.7881,0.10803,330.47,-63.283,-109.94,1.5862,3.2798,1.1009e-08,6.5111e-08,0.93102,0.92305,0.64567,1.8347e-05,248.181818,-26,99,0.070666
74.211,114.04,1.9846,0.12906,329.85,-64.814,-134.23,1.5791,3.262,1.5074e-08,8.9164e-08,0.9128,0.90405,0.61927,2.5542e-05,273.636364,-26,98,0.076959
78.61,126.56,2.1646,0.14961,331.41,-65.899,-143.07,1.3296,2.9278,1.8492e-08,1.1131e-07,0.82083,0.81106,0.5979,3.1063e-05,299.090909,-26,98,0.077307
79.299,129.59,2.337,0.17125,331.6,-66.454,-162.2,1.4381,3.2464,2.6777e-08,1.6123e-07,0.90719,0.89589,0.67911,4.5001e-05,324.545455,-26,99,0.085041
79.662,134.97,2.4964,0.18752,332.09,-59.08,-162.55,1.1744,2.8199,2.739e-08,1.7012e-07,0.77448,0.76938,0.60454,4.6305e-05,350,-26,98,0.085728
62.986,76.903,0.39712,0.010859,333.5,-47.476,-50.989,13.476,18.787,6.0676e-10,3.0743e-09,5.2852,5.2581,2.6671,1.0056e-06,70,-22,98,0.04142
68.732,92.279,0.56088,0.020662,326.78,-64.248,-51.463,4.676,7.6602,9.236e-10,5.0448e-09,2.1774,2.1716,1.2461,1.5445e-06,95.454545,-22,98,0.048254
73.428,100.04,0.72987,0.034409,327.98,-65.194,-59.017,3.2123,5.3248,1.8655e-09,1.0118e-08,1.562,1.5496,0.92056,3.0752e-06,120.909091,-22,98,0.060744
68.396,94.945,0.89911,0.050568,331.19,-65.03,-70.201,2.5844,4.5155,3.1789e-09,1.7884e-08,1.2689,1.2523,0.74403,5.3667e-06,146.363636,-22,98,0.067353
68.667,99.338,1.074,0.069553,329.63,-64.764,-92.074,2.1465,4.0508,5.2602e-09,3.0593e-08,1.1129,1.1024,0.68436,8.9692e-06,171.818182,-22,99,0.075585
75.402,115.74,1.2485,0.089319,331.83,-66.513,-91.999,1.6296,3.334,7.4759e-09,4.4641e-08,0.9378,0.92465,0.62936,1.2584e-05,197.272727,-22,98,0.082251
74.027,117.65,1.4198,0.11231,331.37,-62.314,-107.18,1.2441,2.7283,9.3413e-09,5.776e-08,0.7491,0.74305,0.52075,1.5955e-05,222.727273,-22,99,0.089753
75.519,124.2,1.5942,0.13586,331.67,-64.687,-118.32,1.0514,2.4347,1.2138e-08,7.662e-08,0.6634,0.65626,0.48317,2.0764e-05,248.181818,-22,98,0.095623
79.762,137.44,1.7679,0.16144,332.62,-64.96,-134.46,0.85108,2.0961,1.4935e-08,9.5515e-08,0.56883,0.5626,0.44702,2.5307e-05,273.636364,-22,98,0.10104
78.868,135.13,1.9259,0.18789,333.23,-61.547,-147.18,0.95589,2.3452,2.2551e-08,1.4329e-07,0.63778,0.63223,0.49839,3.8341e-05,299.090909,-22,98,0.10541
82.753,147.32,2.0788,0.21205,332.27,-66.047,-159.74,0.81367,2.0914,2.5799e-08,1.6491e-07,0.56326,0.55704,0.47108,4.3382e-05,324.545455,-22,98,0.1132
80.276,147.45,2.2256,0.23718,334.3,-61.776,-172.35,0.71448,1.9666,2.9136e-08,1.9295e-07,0.51735,0.51273,0.44547,4.9897e-05,350,-22,98,0.11586
64.539,80.799,0.35717,0.014354,326.86,-57.142,-43.503,6.7272,9.7908,5.5764e-10,2.889e-09,2.7328,2.7671,1.443,9.2759e-07,70,-17,98,0.05595
66.267,88.459,0.50727,0.028356,329.41,-60.68,-41.613,2.9815,4.8732,1.073e-09,5.8912e-09,1.3604,1.3587,0.76248,1.8065e-06,95.454545,-17,99,0.069
70.14,98.843,0.65363,0.045261,329.8,-68.006,-56.56,1.9586,3.4928,2.0012e-09,1.1384e-08,0.98943,0.97328,0.5936,3.3705e-06,120.909091,-17,99,0.076898
76.514,114.96,0.80278,0.065128,329.95,-65.117,-83.082,1.5589,3.0536,3.7319e-09,2.1783e-08,0.87195,0.86304,0.57513,6.2217e-06,146.363636,-17,98,0.090209
75.267,116.8,0.95471,0.088976,332.82,-64.887,-86.209,1.2636,2.6366,5.8299e-09,3.5262e-08,0.73841,0.72904,0.49998,9.8434e-06,171.818182,-17,98,0.10145
76.211,125.5,1.108,0.11373,331.95,-64.437,-105.56,1.0653,2.4621,8.6574e-09,5.4785e-08,0.67225,0.66509,0.48976,1.4763e-05,197.272727,-17,99,0.11549
79.186,133.84,1.2728,0.14345,331.81,-62.815,-115.05,0.84708,2.0209,1.1449e-08,7.2777e-08,0.55186,0.54705,0.42063,1.937e-05,222.727273,-17,98,0.12401
81.286,145.89,1.4264,0.1722,332.74,-65.068,-132.9,0.71911,1.8832,1.5064e-08,9.9169e-08,0.50168,0.4964,0.41533,2.5541e-05,248.181818,-17,98,0.12979
80.078,151.29,1.5794,0.20385,333.16,-66.2,-153.51,0.63601,1.8331,1.9641e-08,1.3504e-07,0.47262,0.46729,0.41614,3.3843e-05,273.636364,-17,98,0.14003
84.537,163.63,1.7261,0.23251,333.51,-65.199,-168.14,0.61087,1.7901,2.5431e-08,1.7218e-07,0.45998,0.45541,0.42932,4.3e-05,299.090909,-17,99,0.145
85.825,169.35,1.8585,0.26304,334.01,-64.039,-178.53,0.57889,1.7404,3.1517e-08,2.1375e-07,0.443,0.43892,0.42838,5.3091e-05,324.545455,-17,98,0.15156
85.366,171.8,1.9897,0.29118,333.73,-60.977,-191.17,0.54403,1.698,3.7018e-08,2.5407e-07,0.42662,0.42332,0.42494,6.2716e-05,350,-17,98,0.15943
64.242,84.179,0.3145,0.021665,329.1,-62.997,-55.474,4.2352,6.7226,8.5011e-10,4.6071e-09,1.8572,1.8494,1.0175,1.4347e-06,70,-13,98,0.085735
79.006,111.7,0.44444,0.041485,328.26,-66.026,-61.833,1.7895,3.1075,1.6416e-09,8.991e-09,0.92655,0.91744,0.57898,2.6699e-06,95.454545,-13,98,0.10497
80.218,121.73,0.57743,0.06583,328.95,-68.861,-68.912,1.2066,2.3637,3.0453e-09,1.7688e-08,0.68404,0.67477,0.46234,5.0079e-06,120.909091,-13,98,0.124
82.797,133.61,0.7022,0.092497,329.99,-65.921,-84.606,0.93297,2.013,5.0431e-09,3.045e-08,0.5701,0.5642,0.41689,8.3067e-06,146.363636,-13,98,0.13957
86.225,145,0.83115,0.12123,330.48,-67.799,-98.776,0.80047,1.8225,7.8537e-09,4.8049e-08,0.50999,0.50409,0.3973,1.2833e-05,171.818182,-13,99,0.1554
88.952,159.6,0.97224,0.15534,331.29,-66.329,-117.66,0.64453,1.6137,1.1162e-08,7.0579e-08,0.43746,0.43306,0.37333,1.8205e-05,197.272727,-13,98,0.17224
89.578,166.1,1.1044,0.1895,331.6,-65.57,-135.36,0.57931,1.5285,1.5444e-08,9.925e-08,0.40657,0.40272,0.36405,2.5247e-05,222.727273,-13,99,0.18615
92.692,179.6,1.2445,0.22696,331.86,-65.397,-145.43,0.50465,1.4048,2.0146e-08,1.3087e-07,0.36431,0.36104,0.35036,3.2604e-05,248.181818,-13,98,0.19944
94.28,190.98,1.3837,0.26543,331.99,-66.059,-169.93,0.46921,1.3935,2.668e-08,1.753e-07,0.35076,0.34766,0.36385,4.3058e-05,273.636364,-13,98,0.20632
96.494,203.27,1.5094,0.3015,332.58,-68.213,-185.2,0.45685,1.4263,3.4612e-08,2.2853e-07,0.34884,0.34565,0.38827,5.5402e-05,299.090909,-13,98,0.21546
99.001,213.42,1.6282,0.33591,333.12,-67.344,-195.95,0.42831,1.3664,4.098e-08,2.6816e-07,0.32806,0.32522,0.38418,6.4767e-05,324.545455,-13,98,0.22007
101.2,221.01,1.7441,0.36986,333.06,-66.089,-210.34,0.43401,1.3968,5.0832e-08,3.2689e-07,0.33163,0.32887,0.4045,7.9367e-05,350,-13,99,0.22828
73.844,101.32,0.25676,0.040822,328.31,-67.987,-67.06,2.3436,3.93,1.9361e-09,1.0534e-08,1.1522,1.1367,0.68473,3.1918e-06,70,-8,99,0.18133
85.324,133.89,0.35999,0.07457,328.48,-71.215,-57.454,0.90983,1.8436,3.1226e-09,1.8262e-08,0.53433,0.5266,0.38166,5.0544e-06,95.454545,-8,98,0.22274
92.231,156.71,0.46657,0.11532,329.12,-70.068,-78.689,0.67992,1.5218,6.1702e-09,3.7004e-08,0.42883,0.42383,0.34534,9.8075e-06,120.909091,-8,98,0.25925
97.228,175.45,0.57219,0.15933,329.69,-69.936,-98.623,0.56602,1.3598,1.0433e-08,6.334e-08,0.3713,0.36737,0.32912,1.6317e-05,146.363636,-8,99,0.296
102.32,194.71,0.67562,0.20381,330.35,-70.863,-118.6,0.50621,1.285,1.5985e-08,9.7e-08,0.33895,0.33555,0.32982,2.449e-05,171.818182,-8,98,0.31791
107.06,211.78,0.78654,0.25276,330.4,-69.705,-136.3,0.47972,1.2582,2.3955e-08,1.4342e-07,0.32194,0.31898,0.33869,3.5875e-05,197.272727,-8,98,0.34337
109.52,228.51,0.8931,0.30128,330.69,-70.693,-152.01,0.43709,1.227,3.2124e-08,1.9431e-07,0.2996,0.29695,0.34434,4.7607e-05,222.727273,-8,98,0.35546
113.31,247.17,1.0086,0.35298,331.07,-68.923,-170.78,0.42806,1.2584,4.4244e-08,2.6432e-07,0.29368,0.29122,0.36948,6.4191e-05,248.181818,-8,98,0.37447
117.25,266.11,1.1218,0.40704,331.24,-69.839,-186.54,0.41637,1.2711,5.8188e-08,3.4103e-07,0.28315,0.28083,0.38887,8.2414e-05,273.636364,-8,98,0.38609
120.07,279.8,1.2248,0.45493,331.61,-69.046,-202.89,0.41843,1.3108,7.3821e-08,4.2374e-07,0.28217,0.27988,0.4147,0.00010261,299.090909,-8,98,0.39566
122.39,293.67,1.3245,0.50246,331.76,-68.823,-218.69,0.42839,1.3879,9.332e-08,5.2666e-07,0.28751,0.2852,0.45413,0.00012758,324.545455,-8,98,0.40468
127.66,314.19,1.4213,0.54619,331.32,-69.527,-228.94,0.42154,1.3789,1.0834e-07,5.8462e-07,0.27228,0.27007,0.46635,0.00014272,350,-8,99,0.41054
71.85,130.74,0.16702,0.068305,330.07,-69.648,-59.654,0.97111,2.7204,3.1081e-09,2.248e-08,0.68923,0.67877,0.54309,5.5295e-06,70,-4,98,0.44932
80.046,171.87,0.22765,0.12486,329.73,-70.679,-50.716,0.40052,1.4129,5.1886e-09,4.1531e-08,0.33342,0.32965,0.32845,9.1377e-06,95.454545,-4,98,0.56947
87.708,205.79,0.29027,0.18872,330.37,-71.206,-65.237,0.30862,1.1896,9.8353e-09,7.963e-08,0.26541,0.26293,0.30322,1.6773e-05,120.909091,-4,98,0.68018
93.876,233.93,0.35541,0.25786,330.36,-72.247,-82.186,0.27234,1.1024,1.6745e-08,1.3388e-07,0.23314,0.23121,0.29855,2.7637e-05,146.363636,-4,98,0.76177
100.21,265.49,0.42363,0.3307,330.73,-72.17,-97.705,0.25689,1.0914,2.6537e-08,2.071e-07,0.21532,0.21374,0.3117,4.2129e-05,171.818182,-4,98,0.82553
105.29,293.14,0.49078,0.40263,330.71,-71.999,-114.36,0.25307,1.1208,3.9173e-08,2.9685e-07,0.20669,0.20527,0.3331,6.0051e-05,197.272727,-4,99,0.86151
110.94,318.63,0.56394,0.4797,330.78,-71.941,-125.65,0.25117,1.1256,5.4942e-08,3.961e-07,0.19578,0.19447,0.34422,8.077e-05,222.727273,-4,98,0.89899
115.67,345.75,0.63717,0.55747,330.76,-72.393,-140.85,0.26253,1.2196,7.7644e-08,5.3579e-07,0.19713,0.19582,0.38369,0.00010986,248.181818,-4,98,0.91795
121.13,372.7,0.7127,0.63528,330.87,-72.082,-153.61,0.26878,1.2715,1.0245e-07,6.6518e-07,0.19151,0.19022,0.40913,0.0001385,273.636364,-4,98,0.93097
124.88,394.55,0.78049,0.70452,330.83,-72.642,-166.64,0.28345,1.3781,1.3258e-07,8.2234e-07,0.19494,0.19361,0.45212,0.00017328,299.090909,-4,98,0.94816
129.33,415.31,0.8468,0.772,331.1,-72.827,-174.79,0.28361,1.3905,1.5776e-07,9.2441e-07,0.18599,0.18468,0.46172,0.00019826,324.545455,-4,98,0.95555
133.69,434.08,0.91292,0.83758,331.02,-73.267,-186,0.30109,1.4811,1.9518e-07,1.0777e-06,0.18848,0.18712,0.49917,0.00023609,350,-4,98,0.95614
48.716,140.46,0.11634,0.064362,329.3,-70.852,3.2595,0.29757,2.1516,1.2199e-09,1.6388e-08,0.37239,0.36462,0.42074,2.7184e-06,70,1,98,0.61028
50.026,176.32,0.15245,0.12622,329.16,-71.365,8.5758,0.1467,1.488,2.8758e-09,4.6769e-08,0.23308,0.22913,0.33438,6.6466e-06,95.454545,1,98,0.86937
52.651,211.36,0.19322,0.20852,328.71,-71.738,11.321,0.097062,1.1908,5.8179e-09,1.0393e-07,0.17168,0.16949,0.29508,1.3514e-05,120.909091,1,98,1.117
56.322,243.64,0.23227,0.29435,328.8,-72.133,12.997,0.079805,1.0617,9.9542e-09,1.8122e-07,0.14371,0.14226,0.28085,2.2706e-05,146.363636,1,99,1.2896
60.472,273.15,0.27172,0.38527,328.69,-72.264,11.887,0.072739,0.99135,1.5643e-08,2.7853e-07,0.12728,0.12629,0.27379,3.4621e-05,171.818182,1,99,1.4322
65.146,304.1,0.31181,0.48047,328.76,-72.672,9.6147,0.070942,0.97128,2.3476e-08,3.996e-07,0.11775,0.11701,0.27685,4.997e-05,197.272727,1,98,1.5502
70.192,335,0.35442,0.58268,328.78,-73.063,11.395,0.071355,0.96613,3.3956e-08,5.4188e-07,0.11044,0.10986,0.28113,6.9049e-05,222.727273,1,98,1.6397
75.181,365.77,0.39578,0.68267,328.84,-72.989,11.876,0.075088,1.0077,4.7828e-08,7.1078e-07,0.10799,0.10749,0.29655,9.2744e-05,248.181818,1,98,1.6991
80.727,394.46,0.43924,0.79004,328.59,-73.17,11.845,0.081543,1.0601,6.7237e-08,9.1269e-07,0.10744,0.10698,0.31317,0.00012354,273.636364,1,99,1.7678
85.499,421.3,0.47687,0.88352,328.73,-73.439,12.617,0.087452,1.1218,8.7812e-08,1.1009e-06,0.10702,0.10656,0.33085,0.00015379,299.090909,1,98,1.8011
90.491,446.93,0.51489,0.97642,328.59,-73.688,12.676,0.093887,1.1798,1.119e-07,1.2865e-06,0.1063,0.10584,0.34604,0.00018637,324.545455,1,98,1.8236
94.773,469.59,0.55023,1.0631,328.6,-73.751,13.572,0.1009,1.2535,1.3934e-07,1.4851e-06,0.10698,0.10651,0.36484,0.00022209,350,1,98,1.8613
30.701,95.824,0.11868,0.040211,324.63,-72.251,57.335,0.52001,4.8211,6.9569e-10,1.1501e-08,0.6044,0.59115,0.67785,1.7416e-06,70,5,99,0.37149
28.963,109.48,0.1561,0.097308,324.31,-72.311,67.036,0.23454,3.1666,2.2945e-09,4.7681e-08,0.36044,0.35349,0.48695,6.1219e-06,95.454545,5,99,0.63643
30.34,123.35,0.19478,0.17626,324.9,-72.152,75.957,0.14833,2.282,5.4122e-09,1.2034e-07,0.26296,0.25754,0.38665,1.4613e-05,120.909091,5,98,0.91498
33.601,139.2,0.23135,0.26135,325.16,-72.601,85.613,0.11307,1.7603,9.8716e-09,2.1725e-07,0.21519,0.21055,0.33205,2.6275e-05,146.363636,5,98,1.1201
37.467,155.56,0.26942,0.35732,325.6,-72.969,96.308,0.096613,1.4632,1.662e-08,3.5243e-07,0.18906,0.18502,0.30347,4.3202e-05,171.818182,5,99,1.3078
41.688,172.48,0.30927,0.46227,325.89,-73.095,109.03,0.088621,1.2841,2.6318e-08,5.3075e-07,0.17318,0.16996,0.28955,6.6468e-05,197.272727,5,99,1.4549
46.184,188.88,0.34805,0.56821,326.16,-73.477,117.71,0.085606,1.1642,3.8733e-08,7.3458e-07,0.1625,0.1598,0.2807,9.4583e-05,222.727273,5,99,1.5828
51.195,207.77,0.38954,0.6847,326.32,-73.535,127.85,0.085301,1.0895,5.6073e-08,9.9532e-07,0.15535,0.15326,0.28025,0.00013184,248.181818,5,98,1.6938
55.519,222.95,0.42747,0.79428,326.62,-73.679,138.93,0.086629,1.0418,7.5854e-08,1.2634e-06,0.15057,0.14882,0.28096,0.00017236,273.636364,5,98,1.7895
59.978,237.84,0.46269,0.89613,326.65,-73.785,147.55,0.090383,1.0192,9.9026e-08,1.5429e-06,0.14869,0.14722,0.286,0.00021705,299.090909,5,98,1.8532
63.782,250.53,0.49625,0.99655,326.82,-74.575,156.6,0.094937,1.0166,1.2656e-07,1.8616e-06,0.14886,0.14747,0.29462,0.00026894,324.545455,5,98,1.9052
67.966,264.3,0.52969,1.098,326.75,-74.405,164.93,0.098981,1.0035,1.571e-07,2.1703e-06,0.14701,0.14583,0.29998,0.00032265,350,5,98,1.962
34.68,100.48,0.13727,0.02973,318.53,-74.374,124.2,1.9154,15.14,1.4004e-09,2.0339e-08,2.1024,2.1192,2.3463,3.3769e-06,70,10,98,0.25273
25.679,67.511,0.18824,0.086795,321.83,-70.64,67.399,1.2989,8.7541,5.5733e-09,7.7849e-08,0.98941,1.0103,0.94787,1.3617e-05,95.454545,10,99,0.4863
28.764,72.905,0.24233,0.16599,323.7,-72.369,68.823,0.88333,5.4991,1.4249e-08,1.8704e-07,0.68962,0.67761,0.63308,3.3874e-05,120.909091,10,98,0.71123
33.311,82.055,0.29859,0.25667,324.73,-72.267,76.427,0.65419,3.8053,2.6907e-08,3.3178e-07,0.53442,0.52201,0.48307,6.1986e-05,146.363636,10,99,0.88989
37.764,90.104,0.35549,0.35104,325.38,-73.089,87.422,0.53478,2.8834,4.3374e-08,5.0146e-07,0.45132,0.4379,0.40203,9.6999e-05,171.818182,10,99,1.0215
42.708,99.595,0.41802,0.45604,326.04,-73.78,96.506,0.46089,2.3345,6.7119e-08,7.3369e-07,0.40397,0.39102,0.36026,0.00014585,197.272727,10,99,1.1378
46.835,107.96,0.4785,0.55999,326.43,-74.701,108.4,0.41796,2.0349,9.6347e-08,1.0112e-06,0.37664,0.36408,0.34027,0.00020483,222.727273,10,98,1.2157
51.585,116.7,0.54177,0.6696,326.64,-73.985,118.63,0.3938,1.8114,1.344e-07,1.3384e-06,0.35713,0.3476,0.32628,0.00027803,248.181818,10,98,1.2875
55.819,125.65,0.60233,0.77469,327.04,-74.815,129.75,0.3825,1.7064,1.8111e-07,1.7397e-06,0.35144,0.34209,0.32844,0.00036658,273.636364,10,99,1.3367
60.311,134.08,0.66547,0.88486,327.34,-75.138,139.37,0.3817,1.6258,2.4057e-07,2.2075e-06,0.34845,0.33994,0.33094,0.00047468,299.090909,10,98,1.3931
64.373,141.51,0.71959,0.97565,327.36,-74.966,148.59,0.3848,1.5713,2.9846e-07,2.6255e-06,0.34699,0.33963,0.33461,0.00057534,324.545455,10,99,1.4152
67.693,148.17,0.77375,1.0722,327.49,-75.398,157.89,0.38411,1.5279,3.6401e-07,3.1037e-06,0.34383,0.33693,0.33779,0.000689,350,10,99,1.4331
89.547,262.51,0.21459,0.016156,327.01,-79.912,377.4,7.8527,45.108,2.2833e-09,1.7071e-08,8.4635,8.3791,18.311,3.886e-06,70,15,99,0.12817
36.179,79.375,0.30899,0.053163,322.9,-71.565,72.575,2.632,12.119,4.2315e-09,4.5157e-08,1.8636,1.856,1.5426,9.3051e-06,95.454545,15,98,0.1945
34.826,72.93,0.40009,0.10831,323.21,-72.352,54.716,1.9942,8.408,1.2281e-08,1.26e-07,1.2984,1.2821,1.0211,2.6832e-05,120.909091,15,99,0.29016
36.308,74.14,0.49758,0.17885,324.19,-74.049,61.752,1.5294,6.1165,2.5595e-08,2.5296e-07,0.99077,0.95877,0.75801,5.514e-05,146.363636,15,98,0.37787
40.128,79.478,0.59232,0.25264,325.04,-73.679,68.473,1.2692,4.7382,4.3422e-08,4.0556e-07,0.82633,0.79966,0.62076,9.1054e-05,171.818182,15,99,0.44503
41.951,80.856,0.69747,0.33867,325.14,-74.684,79.692,1.1045,3.8949,6.7205e-08,6.0145e-07,0.70418,0.67807,0.51804,0.00013865,197.272727,15,98,0.50747
45.879,87.345,0.80067,0.42531,325.67,-74.579,90.429,0.98174,3.3437,9.873e-08,8.5166e-07,0.64487,0.6224,0.47623,0.00019955,222.727273,15,99,0.55167
49.504,91.834,0.90279,0.51163,326.34,-74.567,101.26,0.89986,2.8843,1.3346e-07,1.0951e-06,0.59125,0.57101,0.43263,0.00026367,248.181818,15,99,0.58892
53.411,97.801,1.0123,0.60428,326.59,-75.019,112.95,0.84361,2.6025,1.8125e-07,1.4325e-06,0.56488,0.5461,0.41675,0.00035114,273.636364,15,99,0.62541
56.954,104.13,1.1092,0.68886,326.95,-75.989,124.7,0.79802,2.4213,2.3244e-07,1.7932e-06,0.54904,0.53026,0.41278,0.00044359,299.090909,15,98,0.64025
60.827,109.9,1.2007,0.7669,327.27,-74.977,131.57,0.77966,2.279,2.8845e-07,2.1477e-06,0.53856,0.52317,0.40854,0.00053961,324.545455,15,98,0.66878
63.328,113.97,1.292,0.84654,327.62,-75.834,143.2,0.77997,2.2402,3.5815e-07,2.6067e-06,0.54262,0.52654,0.41661,0.00066211,350,15,98,0.68121
1.1282,0.85284,0.47777,0.0065327,393.36,-106.38,1161.4,0.00042549,0.0009768,4.6783e-09,5.2628e-09,45.834,45.831,93.7,1.7632e-06,70,-35,102,0.034827
99.672,143.93,0.69628,0.0097528,323.71,-73.336,-55.244,23.557,38.708,1.3183e-09,6.6501e-09,12.237,12.085,8.4705,1.9686e-06,95.454545,-35,101,0.027698
55.921,70.473,0.91001,0.016911,325.8,-60.364,-86.426,17.991,27.148,1.8179e-09,9.6596e-09,6.6061,6.7259,3.4252,3.1132e-06,120.909091,-35,102,0.028206
79.54,97.233,1.1055,0.024543,325.98,-81.386,-88.13,13.789,18.372,3.6734e-09,1.7375e-08,5.843,5.6321,3.1606,5.7515e-06,146.363636,-35,102,0.034721
65.827,85.315,1.3201,0.033786,329.74,-69.276,-78.266,8.5164,13.195,4.1375e-09,2.1913e-08,3.7042,3.6228,2.0128,6.9179e-06,171.818182,-35,102,0.034528
79.45,105.9,1.5355,0.045438,325.86,-55.957,-108.28,7.393,11.574,7.5685e-09,3.8569e-08,3.5287,3.5358,2.1005,1.2112e-05,197.272727,-35,101,0.043075
75.746,105.33,1.7451,0.057456,329.33,-71.535,-95.48,5.2504,8.9788,8.8154e-09,4.7756e-08,2.6379,2.5829,1.6032,1.4464e-05,222.727273,-35,102,0.041603
71.475,97.935,1.9633,0.071027,327.89,-65.423,-118.46,5.0898,8.6183,1.2409e-08,6.6935e-08,2.4698,2.4498,1.466,2.0641e-05,248.181818,-35,102,0.04618
72.049,94.35,2.1693,0.085663,333.83,-61.985,-113.25,4.4277,6.8886,1.4882e-08,7.6709e-08,2.0329,2.0086,1.1429,2.4377e-05,273.636364,-35,102,0.050101
78.85,109.88,2.3626,0.10054,333.61,-65.632,-134.84,3.6476,6.2055,1.9343e-08,1.019e-07,1.8757,1.8472,1.1654,3.1377e-05,299.090909,-35,102,0.051483
76.846,110.6,2.5457,0.11643,334.22,-70.797,-135.32,2.9952,5.4391,2.1844e-08,1.1971e-07,1.601,1.5631,1.0201,3.6002e-05,324.545455,-35,102,0.05368
81.194,119.03,2.7352,0.13008,334.33,-64.847,-151.38,2.68,4.9502,2.568e-08,1.3918e-07,1.4806,1.4603,0.98609,4.1756e-05,350,-35,102,0.053696
107.12,126.53,0.42896,0.0060062,332.66,-29.78,-151.7,54.691,62.404,9.6805e-10,3.8386e-09,22.883,22.381,13.295,1.3437e-06,70,-31,102,0.028641
78.709,95.794,0.6042,0.011229,327.74,-68.243,-71.363,19.608,25.987,1.09e-09,5.1752e-09,8.2898,8.1746,4.448,1.71e-06,95.454545,-31,102,0.034164
74.84,101.14,0.7945,0.019666,331.36,-59.427,-57.4,9.4281,15.334,1.7932e-09,9.5905e-09,4.5792,4.5524,2.678,2.9323e-06,120.909091,-31,101,0.040524
79.759,109.63,0.97962,0.029078,331.81,-69.047,-79.671,6.9907,11.521,3.0544e-09,1.6149e-08,3.5019,3.4378,2.1269,4.9157e-06,146.363636,-31,102,0.03919
60.008,77.911,1.1683,0.04155,335,-66.292,-77.003,7.1273,11.265,4.8815e-09,2.6443e-08,2.9835,2.9015,1.5728,8.3224e-06,171.818182,-31,102,0.046351
72.373,94.721,1.3475,0.052728,332.89,-64.494,-68.289,4.5635,7.0585,5.8601e-09,3.0613e-08,2.103,2.0719,1.1777,9.5899e-06,197.272727,-31,102,0.053014
71.974,101.31,1.5397,0.067715,335.09,-66.871,-96.731,3.6602,6.4938,8.4459e-09,4.7015e-08,1.8621,1.8246,1.1216,1.4101e-05,222.727273,-31,101,0.054106
62.573,85.697,1.7228,0.083173,336.18,-59.447,-116.1,4.2683,7.4375,1.301e-08,7.2691e-08,1.9834,1.9613,1.1188,2.2334e-05,248.181818,-31,102,0.059869
70.579,101.83,1.9121,0.10049,335.49,-67.459,-113.85,3.0462,5.6883,1.5806e-08,9.012e-08,1.6003,1.5654,0.98663,2.6715e-05,273.636364,-31,102,0.063586
77.55,115.8,2.0844,0.11685,335.13,-62.717,-125.84,2.2815,4.4152,1.7631e-08,1.0014e-07,1.2809,1.2653,0.84835,2.9222e-05,299.090909,-31,102,0.064327
76.208,115.59,2.2469,0.13365,335.23,-58.012,-144.86,2.285,4.5788,2.3434e-08,1.3478e-07,1.3146,1.3037,0.88622,3.9233e-05,324.545455,-31,102,0.074922
80.562,126.23,2.4023,0.15069,335.14,-62.38,-151.74,2.0274,4.2238,2.8086e-08,1.6237e-07,1.2168,1.2032,0.86871,4.6475e-05,350,-31,102,0.071467
60.593,73.529,0.37847,0.0063336,343.71,-57.098,-94.383,42.202,58.721,6.0657e-10,3.0376e-09,15.791,15.599,7.7667,1.0084e-06,70,-26,102,0.030525
66.684,83.247,0.53265,0.012248,332.74,-61.34,-57.217,14.032,20.205,8.6578e-10,4.4247e-09,5.8604,5.8038,3.0665,1.4277e-06,95.454545,-26,102,0.035397
64.253,77.442,0.69871,0.021306,333.18,-65.301,-37.725,8.1202,11.007,1.3985e-09,6.9817e-09,3.1465,3.0819,1.5715,2.3004e-06,120.909091,-26,102,0.041486
71.825,92.104,0.85375,0.030817,333.75,-60.426,-67.657,5.9509,8.8825,2.532e-09,1.2995e-08,2.6614,2.6349,1.4559,4.1287e-06,146.363636,-26,102,0.046256
70.021,91.416,1.0247,0.043093,335.39,-60.281,-66.016,4.6256,7.1781,3.8792e-09,2.0414e-08,2.1094,2.0851,1.1641,6.3979e-06,171.818182,-26,101,0.052121
87.725,120.26,1.1822,0.055997,334.13,-62.146,-79.274,3.8058,6.0497,6.4296e-09,3.2669e-08,1.915,1.8935,1.1954,1.0001e-05,197.272727,-26,102,0.060046
75.66,109.45,1.347,0.071306,336.69,-60.247,-98.178,3.014,5.546,8.2352e-09,4.6272e-08,1.6135,1.5954,1.0158,1.3642e-05,222.727273,-26,102,0.064493
75.393,110.8,1.5117,0.087799,336.75,-60.396,-95.222,2.4134,4.5722,1.0177e-08,5.8187e-08,1.3188,1.304,0.84263,1.6943e-05,248.181818,-26,102,0.067813
76.875,116.19,1.669,0.10496,336.58,-61.836,-108.98,2.2829,4.5229,1.437e-08,8.337e-08,1.2981,1.2825,0.86309,2.3938e-05,273.636364,-26,102,0.071931
81.292,126.39,1.8257,0.12161,337.34,-65.327,-128.27,1.9648,4.0165,1.7584e-08,1.0164e-07,1.1622,1.1452,0.81731,2.8922e-05,299.090909,-26,102,0.077391
76.798,122.79,1.9714,0.14008,337.56,-64.02,-134.27,1.6925,3.7111,2.0316e-08,1.2305e-07,1.039,1.0244,0.73956,3.4317e-05,324.545455,-26,102,0.083151
84.082,133.03,2.1082,0.15613,339.6,-66.152,-145.82,1.5693,3.2681,2.3931e-08,1.3732e-07,0.94853,0.93455,0.69279,3.9005e-05,350,-26,102,0.082468
57.854,65.594,0.34649,0.0072829,334.45,-59.072,-67.354,34.794,42.602,5.8268e-10,2.7728e-09,11.407,11.313,5.2659,9.5873e-07,70,-22,101,0.03722
71.473,94.696,0.48703,0.014432,332.74,-63.926,-45.242,9.2577,14.678,8.9904e-10,4.794e-09,4.3252,4.2664,2.4393,1.4812e-06,95.454545,-22,103,0.040607
75.055,102.82,0.63104,0.023791,333.78,-64.303,-61.5,5.5334,9.2164,1.5684e-09,8.4802e-09,2.7457,2.706,1.6251,2.5704e-06,120.909091,-22,102,0.047636
80.386,104.9,0.77541,0.034781,333.27,-64.24,-68.976,4.4335,6.636,2.6194e-09,1.3189e-08,2.0835,2.055,1.1996,4.1522e-06,146.363636,-22,102,0.057631
77.351,108.33,0.9113,0.047484,334.5,-61.429,-78.509,3.44,5.9224,4.0526e-09,2.2053e-08,1.7669,1.7474,1.0813,6.6159e-06,171.818182,-22,102,0.063126
78.377,113.45,1.0673,0.062603,334.52,-65.659,-84.614,2.5569,4.6514,5.476e-09,3.0541e-08,1.3718,1.3507,0.87335,8.9715e-06,197.272727,-22,103,0.071237
83.573,123.03,1.2142,0.078209,336.16,-64.697,-88.746,2.2666,4.1572,7.95e-09,4.3847e-08,1.2462,1.229,0.8257,1.2784e-05,222.727273,-22,102,0.073146
81.025,123.82,1.3668,0.096267,335.44,-62.317,-104.39,1.9404,3.8483,1.0641e-08,6.1218e-08,1.1193,1.1066,0.76663,1.7454e-05,248.181818,-22,102,0.080332
77.336,120.59,1.5133,0.11433,336.84,-62.708,-123.59,1.6698,3.4922,1.2991e-08,7.7002e-08,0.99111,0.97864,0.68584,2.1763e-05,273.636364,-22,102,0.086608
79.645,130.21,1.6503,0.13414,337.08,-60.3,-127.52,1.4699,3.3064,1.6834e-08,1.0286e-07,0.9256,0.91634,0.68252,2.8205e-05,299.090909,-22,103,0.088519
81.649,130.79,1.7815,0.15125,337.53,-62.666,-151,1.416,3.0504,2.0364e-08,1.1947e-07,0.87247,0.86212,0.64059,3.3674e-05,324.545455,-22,103,0.096256
81.241,133.83,1.9003,0.16904,336.62,-64.687,-157.19,1.2898,2.9239,2.3846e-08,1.434e-07,0.82193,0.81124,0.62318,3.9748e-05,350,-22,102,0.099882
85.829,100.61,0.31991,0.010051,329.28,-66.557,-64.066,13.723,16.596,6.1286e-10,2.7355e-09,5.6353,5.5599,2.9768,9.271e-07,70,-17,102,0.044725
68.355,90.314,0.44961,0.019914,327.6,-64.517,-47.097,5.9584,9.4859,1.0663e-09,5.7447e-09,2.7084,2.6949,1.5203,1.7774e-06,95.454545,-17,103,0.059094
74.027,94.837,0.5885,0.033125,332.73,-63.367,-50.251,3.7088,5.4811,1.8575e-09,9.4782e-09,1.6712,1.6498,0.92092,3.0041e-06,120.909091,-17,102,0.0648
76.053,103.65,0.71665,0.046673,331.06,-71.19,-64.045,2.9362,4.8232,3.1962e-09,1.7117e-08,1.4447,1.4116,0.85622,5.212e-06,146.363636,-17,102,0.077602
83.125,118.68,0.85498,0.063552,332.15,-63.128,-71.766,2.2018,3.8297,4.9113e-09,2.654e-08,1.1631,1.1509,0.74435,7.8641e-06,171.818182,-17,102,0.083994
82.662,125.01,0.98806,0.081814,332.84,-67.186,-104.75,1.7525,3.3863,6.8957e-09,3.8973e-08,0.99474,0.98042,0.6795,1.1206e-05,197.272727,-17,102,0.091852
90.624,138.33,1.1213,0.10061,334.19,-63.805,-103.43,1.5984,3.0241,9.9179e-09,5.423e-08,0.90975,0.89964,0.64869,1.5573e-05,222.727273,-17,102,0.10051
91.825,143.34,1.268,0.12344,333.82,-67.697,-114.88,1.3219,2.5841,1.2676e-08,6.9929e-08,0.76954,0.75948,0.56731,1.9882e-05,248.181818,-17,103,0.10829
91.598,152.02,1.3995,0.14486,334.38,-64.621,-135.52,1.2018,2.6118,1.692e-08,9.7657e-08,0.75029,0.74223,0.59633,2.6867e-05,273.636364,-17,103,0.11407
92.353,154.22,1.529,0.16915,335.26,-62.14,-149.62,1.1362,2.489,2.2025e-08,1.2634e-07,0.71451,0.70756,0.57711,3.4882e-05,299.090909,-17,102,0.12188
96.234,165.53,1.6496,0.18834,334.77,-65.101,-160.07,1.0072,2.2709,2.505e-08,1.4314e-07,0.64358,0.63693,0.55019,3.9101e-05,324.545455,-17,101,0.12258
93.942,166.83,1.7677,0.21108,336.06,-63.793,-164.65,0.90209,2.1718,2.8974e-08,1.7193e-07,0.60075,0.59482,0.52879,4.5973e-05,350,-17,103,0.12914
81.02,96.967,0.29016,0.019543,330.23,-68.032,-71.234,6.1486,7.846,1.0311e-09,4.7732e-09,2.5666,2.523,1.3604,1.5961e-06,70,-13,102,0.084684
84.083,106.62,0.40679,0.037641,330.71,-73.359,-56.522,3.0825,4.3162,2.1009e-09,1.0168e-08,1.3987,1.3652,0.7934,3.2602e-06,95.454545,-13,102,0.10634
88.869,121.14,0.52929,0.059895,330.98,-68.795,-70.79,2.0699,3.2387,3.9843e-09,2.0087e-08,1.0304,1.0148,0.64255,6.1625e-06,120.909091,-13,102,0.12698
92.965,131.57,0.64682,0.084169,331.59,-68.577,-81.352,1.5696,2.5769,6.3174e-09,3.2177e-08,0.81387,0.80245,0.53739,9.6731e-06,146.363636,-13,103,0.14447
100.79,151.09,0.76754,0.11119,332.43,-67.481,-97.06,1.3208,2.3044,1.0052e-08,5.1337e-08,0.71686,0.70831,0.52159,1.5007e-05,171.818182,-13,102,0.15705
103.51,159.61,0.88328,0.13931,332.93,-67.8,-118.03,1.1738,2.1194,1.4487e-08,7.3994e-08,0.65094,0.64338,0.49731,2.1449e-05,197.272727,-13,102,0.16959
109.15,175.33,1.0125,0.17155,333.72,-68.95,-129.27,1.0313,1.9321,2.0136e-08,1.0225e-07,0.58072,0.57427,0.47784,2.916e-05,222.727273,-13,103,0.18039
106.91,174.45,1.136,0.20323,333.74,-67.965,-145.93,0.92929,1.811,2.5837e-08,1.336e-07,0.53794,0.53209,0.44982,3.7925e-05,248.181818,-13,103,0.19095
114.25,194.6,1.2598,0.23601,333.71,-68.288,-162.88,0.86146,1.7283,3.3537e-08,1.6954e-07,0.49905,0.49399,0.45712,4.7633e-05,273.636364,-13,102,0.19718
117.51,204.74,1.3804,0.26912,333.54,-68.855,-178.4,0.83696,1.712,4.3118e-08,2.1502e-07,0.48562,0.48079,0.46827,6.0325e-05,299.090909,-13,102,0.20797
120.22,216.86,1.4902,0.30046,333.57,-68.82,-196.27,0.79054,1.6847,5.208e-08,2.5827e-07,0.46397,0.45951,0.47901,7.1973e-05,324.545455,-13,103,0.21899
123.13,228.08,1.597,0.32852,334.1,-67.787,-207.25,0.76546,1.6735,6.1301e-08,3.008e-07,0.44929,0.4451,0.49079,8.3437e-05,350,-13,102,0.22194
79.531,108.58,0.22732,0.045242,332.88,-67.061,-68.522,2.9428,4.7921,3.09e-09,1.6298e-08,1.4642,1.4398,0.88042,4.9694e-06,70,-8,102,0.22849
90.897,142.86,0.31606,0.084712,333.53,-71.065,-65.773,1.2357,2.4439,5.5884e-09,3.1655e-08,0.7218,0.71057,0.52776,8.8093e-06,95.454545,-8,102,0.28609
97.735,161.3,0.40354,0.13019,333.53,-71.509,-81.759,0.94442,1.9559,1.0729e-08,6.0641e-08,0.56808,0.56055,0.45292,1.6502e-05,120.909091,-8,102,0.33839
105.01,185.71,0.49725,0.18223,334.14,-71.036,-102.07,0.77333,1.7191,1.8392e-08,1.0421e-07,0.47952,0.47428,0.42979,2.7512e-05,146.363636,-8,102,0.38691
112.22,205.33,0.59102,0.23645,334.64,-71.37,-120.25,0.69517,1.5634,2.8533e-08,1.5673e-07,0.42528,0.42106,0.41278,4.1195e-05,171.818182,-8,103,0.42159
116.56,221.68,0.68205,0.29172,334.95,-71.368,-139.48,0.62416,1.4544,3.9979e-08,2.168e-07,0.38227,0.37872,0.40075,5.6504e-05,197.272727,-8,101,0.44872
122.85,241.61,0.77804,0.3504,335.08,-71.364,-160.76,0.59986,1.4201,5.6249e-08,2.9413e-07,0.35968,0.35651,0.41064,7.6778e-05,222.727273,-8,102,0.4722
128.12,261.93,0.87838,0.41085,334.94,-71.509,-176.17,0.57241,1.3952,7.4858e-08,3.8077e-07,0.33709,0.3342,0.42047,9.9054e-05,248.181818,-8,102,0.49045
133.84,280.51,0.97767,0.47172,335.07,-71.33,-193.07,0.57079,1.4017,9.8725e-08,4.8074e-07,0.32552,0.32275,0.4387,0.00012604,273.636364,-8,102,0.50534
138.57,296.55,1.0729,0.53203,335.28,-72.148,-211.8,0.5949,1.4743,1.3122e-07,6.1306e-07,0.33016,0.32735,0.47835,0.00016243,299.090909,-8,101,0.52259
142.42,310.36,1.1611,0.5844,335.24,-72.041,-223.24,0.5869,1.4679,1.5636e-07,7.0683e-07,0.31782,0.3151,0.48875,0.00018854,324.545455,-8,103,0.5278
145.82,326.19,1.2417,0.63505,335.45,-72.488,-240.02,0.58981,1.5145,1.8681e-07,8.182e-07,0.31373,0.31104,0.52183,0.00021963,350,-8,103,0.53583
62.937,129.16,0.13358,0.063496,336.53,-66.387,-62.539,1.1868,4.3127,3.5851e-09,3.0684e-08,0.98577,0.96822,0.83937,6.8404e-06,70,-4,102,0.54553
68.619,172.03,0.17513,0.12034,335.44,-69.302,-47.887,0.43488,2.1442,5.9342e-09,5.938e-08,0.44729,0.44082,0.49189,1.1448e-05,95.454545,-4,103,0.72063
72.788,203.62,0.2228,0.19686,336.01,-69.406,-65.49,0.29386,1.6764,1.1799e-08,1.2498e-07,0.32569,0.3221,0.42084,2.2568e-05,120.909091,-4,102,0.91879
77.496,234.22,0.26869,0.27652,336.15,-70.344,-79.222,0.23438,1.4526,1.9467e-08,2.0885e-07,0.26426,0.26189,0.39002,3.6393e-05,146.363636,-4,102,1.0691
82.317,263.04,0.31975,0.36789,336.17,-70.635,-95.39,0.20525,1.3331,3.0792e-08,3.2495e-07,0.22808,0.22641,0.37715,5.5832e-05,171.818182,-4,102,1.1922
87.257,290.63,0.36641,0.45564,335.98,-70.843,-111.04,0.18968,1.2638,4.3843e-08,4.4638e-07,0.20381,0.20252,0.37284,7.6697e-05,197.272727,-4,102,1.283
92.123,318.75,0.42137,0.5575,335.91,-70.976,-127.33,0.18082,1.2343,6.2497e-08,6.0829e-07,0.18651,0.18545,0.37776,0.0001052,222.727273,-4,102,1.3653
97.488,346.99,0.47261,0.65218,336.05,-71.504,-140.87,0.18233,1.2562,8.5333e-08,7.8098e-07,0.17787,0.1769,0.39592,0.0001373,248.181818,-4,102,1.423
102.6,373.73,0.52587,0.75067,336.1,-72.009,-153.24,0.18104,1.2567,1.1085e-07,9.505e-07,0.16682,0.16593,0.40546,0.0001705,273.636364,-4,102,1.4674
107.21,399.18,0.57824,0.8475,336.06,-72.124,-166.38,0.18658,1.3122,1.4405e-07,1.1589e-06,0.16313,0.16225,0.43246,0.00021232,299.090909,-4,102,1.5057
111.89,419.89,0.62585,0.93538,335.94,-71.812,-178.48,0.19347,1.3501,1.7913e-07,1.3435e-06,0.15985,0.15896,0.45289,0.00025303,324.545455,-4,102,1.5244
115.83,439.84,0.6724,1.02,336.06,-72.227,-188.92,0.19907,1.396,2.1676e-07,1.5307e-06,0.15687,0.15598,0.47533,0.00029486,350,-4,102,1.5381
43.227,143.12,0.094236,0.043149,333.19,-69.477,13.839,0.42184,4.0706,8.6754e-10,1.4014e-08,0.63253,0.61418,0.79204,2.0615e-06,70,1,102,0.50309
39.521,175.8,0.1197,0.096315,332.96,-69.174,16.349,0.15646,2.6307,2.141e-09,4.8422e-08,0.33962,0.33091,0.57736,5.5759e-06,95.454545,1,102,0.84953
38.454,207.72,0.14771,0.17693,332.89,-69.147,17.496,0.082766,1.9666,4.5544e-09,1.2572e-07,0.22247,0.21749,0.4741,1.243e-05,120.909091,1,102,1.2432
39.032,236.83,0.17496,0.27126,332.77,-69.832,16.567,0.056679,1.6231,8.0096e-09,2.4335e-07,0.16755,0.16411,0.41811,2.218e-05,146.363636,1,103,1.5821
41.069,269,0.20319,0.37996,332.89,-70.585,16.674,0.045285,1.4287,1.304e-08,4.0818e-07,0.13656,0.13416,0.38877,3.5786e-05,171.818182,1,102,1.8644
43.862,298.95,0.23098,0.49565,332.69,-70.853,15.705,0.040924,1.3258,2.0024e-08,6.1421e-07,0.11932,0.11771,0.3739,5.3622e-05,197.272727,1,102,2.1161
47.131,331.35,0.25859,0.61564,332.96,-70.785,15.749,0.039466,1.2909,2.9287e-08,8.604e-07,0.10873,0.10766,0.37343,7.5862e-05,222.727273,1,102,2.3042
50.383,358.06,0.28575,0.737,332.78,-71.225,15.203,0.040012,1.2841,4.1342e-08,1.1439e-06,0.10288,0.10208,0.37603,0.00010329,248.181818,1,102,2.4642
54.202,389.79,0.31478,0.87056,332.66,-71.456,16.377,0.041922,1.3231,5.8386e-08,1.4974e-06,0.099322,0.098743,0.39,0.00013956,273.636364,1,102,2.5929
57.63,416.53,0.33927,0.98752,332.73,-71.56,16.172,0.044087,1.3655,7.6519e-08,1.8228e-06,0.096966,0.096511,0.40236,0.0001756,299.090909,1,102,2.7234
61.312,441.44,0.36321,1.1024,332.75,-71.969,17.719,0.047647,1.4294,9.9464e-08,2.1781e-06,0.096726,0.096337,0.41948,0.00021843,324.545455,1,102,2.8013
64.95,467.39,0.38781,1.2217,332.83,-72.009,17.768,0.051272,1.507,1.2729e-07,2.5635e-06,0.096406,0.096067,0.4387,0.00026745,350,1,102,2.8688
35.534,110.33,0.097613,0.021707,327.03,-70.036,58.919,1.1324,10.181,4.8429e-10,7.6799e-09,1.421,1.3942,1.613,1.1798e-06,70,5,102,0.26792
25.139,111.88,0.12532,0.064446,325.75,-69.56,75.849,0.33278,6.2929,1.5903e-09,4.0733e-08,0.60742,0.60238,0.94584,4.5285e-06,95.454545,5,101,0.54983
22.51,124.11,0.1523,0.13429,326.09,-69.131,86.247,0.15844,4.6016,4.0647e-09,1.3523e-07,0.38517,0.38236,0.73736,1.2462e-05,120.909091,5,102,0.91368
22.915,139.11,0.17999,0.22906,326.94,-70.394,94.183,0.097499,3.392,8.4197e-09,3.0964e-07,0.28395,0.27577,0.60138,2.6407e-05,146.363636,5,102,1.2505
24.949,156.56,0.20831,0.34341,327.62,-70.919,105.51,0.073345,2.6656,1.5657e-08,5.8018e-07,0.23464,0.22658,0.52837,4.8823e-05,171.818182,5,101,1.6006
27.726,175.33,0.23612,0.46452,328.32,-71.245,115.59,0.062871,2.2496,2.6031e-08,9.3518e-07,0.2091,0.20193,0.49401,7.9673e-05,197.272727,5,102,1.8905
30.654,193.09,0.26378,0.59374,328.7,-71.487,126.5,0.058155,1.9953,4.0433e-08,1.3852e-06,0.19307,0.18715,0.4762,0.00012083,222.727273,5,102,2.121
33.737,210.57,0.29032,0.7242,329.05,-71.657,136.59,0.057772,1.8753,6.0215e-08,1.9498e-06,0.18681,0.18187,0.47966,0.00017508,248.181818,5,102,2.3355
37.12,228.33,0.31759,0.86116,329.55,-71.899,146.57,0.058261,1.7643,8.5153e-08,2.5777e-06,0.17976,0.17562,0.47917,0.00023976,273.636364,5,102,2.5092
40.01,243.09,0.34262,0.99417,329.64,-72.198,157.52,0.061161,1.7467,1.1753e-07,3.3504e-06,0.17996,0.1764,0.49685,0.00032168,299.090909,5,103,2.6549
42.969,258.6,0.36542,1.1186,329.79,-72.181,165.09,0.06368,1.7228,1.5233e-07,4.0988e-06,0.17811,0.1752,0.50979,0.00040504,324.545455,5,102,2.7762
46.026,272.92,0.38772,1.2429,329.99,-72.204,174.27,0.067648,1.7192,1.9518e-07,4.9193e-06,0.17853,0.1761,0.52702,0.00050314,350,5,102,2.879
38.836,125.54,0.11046,0.014451,311.17,-70.809,174.82,3.556,33.808,7.6605e-10,1.187e-08,4.7494,5.0527,6.5031,1.8644e-06,70,10,102,0.17834
21.6,69.861,0.14694,0.05555,319.81,-68.43,82.38,1.9923,20.432,3.9841e-09,7.2332e-08,1.8001,1.9457,2.1227,1.0562e-05,95.454545,10,103,0.41966
21.14,73.633,0.18703,0.13666,322.63,-68.709,78.545,1.0401,12.365,1.3614e-08,2.7022e-07,1.0591,1.1059,1.3114,3.6934e-05,120.909091,10,102,0.77199
23.381,80.942,0.22619,0.23605,324.29,-69.62,86.359,0.70164,8.1942,2.9112e-08,5.6216e-07,0.76597,0.77154,0.93481,7.7757e-05,146.363636,10,102,1.072
27.033,90.341,0.26921,0.35428,325.95,-70.65,94.574,0.52627,5.6686,5.2976e-08,9.5478e-07,0.61573,0.60216,0.72747,0.00013742,171.818182,10,102,1.3312
30.71,99.896,0.31047,0.47184,326.73,-70.836,104.4,0.42654,4.2973,8.1826e-08,1.39e-06,0.52735,0.51329,0.61783,0.00020686,197.272727,10,102,1.5418
34.565,109.19,0.35499,0.60395,327.62,-71.279,115.62,0.36635,3.4279,1.2158e-07,1.9382e-06,0.46833,0.45374,0.54554,0.00029913,222.727273,10,103,1.7203
38.872,119.47,0.4014,0.73975,328.36,-71.428,126.59,0.33487,2.9087,1.7465e-07,2.6091e-06,0.43612,0.42297,0.50977,0.0004173,248.181818,10,102,1.8564
42.76,128.75,0.44718,0.87599,328.94,-72.073,137.48,0.31824,2.6015,2.4028e-07,3.3976e-06,0.41684,0.40411,0.49209,0.00055953,273.636364,10,102,1.975
46.179,137.16,0.49053,1.0066,329.42,-72.424,147.84,0.30878,2.4107,3.151e-07,4.2598e-06,0.40432,0.39257,0.48461,0.00071782,299.090909,10,102,2.0752
49.688,145.18,0.53182,1.1301,329.68,-72.558,158.21,0.30758,2.2794,4.0079e-07,5.158e-06,0.39774,0.38732,0.48328,0.00089179,324.545455,10,103,2.1447
53.084,153.14,0.57239,1.2511,330.06,-72.424,166.87,0.31199,2.2097,5.0347e-07,6.199e-06,0.39778,0.38855,0.49102,0.0010955,350,10,103,2.202
121.18,221.93,0.18229,0.010529,384.96,-85.239,1001.6,67.614,112.01,4.3195e-09,7.9167e-09,23.351,23.249,227.06,3.5639e-06,70,15,103,0.14027
32.925,77.136,0.26374,0.039053,321.89,-71.861,89.305,5.1528,27.24,4.4876e-09,5.2168e-08,3.7503,3.7592,3.2829,1.0202e-05,95.454545,15,101,0.17442
33.772,78.746,0.34004,0.090879,323.12,-70.628,58.533,3.3,17.211,1.6091e-08,1.8707e-07,2.4757,2.4823,2.155,3.6436e-05,120.909091,15,102,0.28928
34.711,78.911,0.42193,0.16601,325.15,-70.9,63.495,2.4035,11.909,3.8197e-08,4.279e-07,1.7638,1.7355,1.486,8.5342e-05,146.363636,15,102,0.4148
37.548,82.465,0.5065,0.25309,325.95,-71.671,70.72,1.8871,8.6756,7.0489e-08,7.466e-07,1.3826,1.3468,1.133,0.00015389,171.818182,15,102,0.52422
40.227,84.984,0.58936,0.34387,326.93,-70.834,82.069,1.6111,6.8243,1.101e-07,1.0959e-06,1.1513,1.1228,0.91609,0.00023462,197.272727,15,102,0.60263
44.472,91.443,0.67718,0.44195,328.12,-71.034,89.366,1.363,5.4076,1.6038e-07,1.5125e-06,0.99607,0.96778,0.78387,0.00033301,222.727273,15,102,0.67518
48.489,96.886,0.76507,0.5432,328.68,-70.618,101.82,1.2172,4.5108,2.2183e-07,1.9779e-06,0.8917,0.86891,0.69658,0.00044919,248.181818,15,102,0.733
52.187,101.97,0.85842,0.65177,329.49,-71.014,113.53,1.1172,3.9148,2.9993e-07,2.5505e-06,0.82126,0.79902,0.64015,0.00059426,273.636364,15,102,0.78454
56.105,107.84,0.94272,0.74838,329.95,-71.693,122.36,1.0525,3.5197,3.8258e-07,3.1217e-06,0.77787,0.75643,0.60979,0.00074208,299.090909,15,102,0.82249
59.432,112.57,1.023,0.84071,330.07,-71.713,135.54,1.0064,3.2304,4.6955e-07,3.6853e-06,0.74263,0.72365,0.58637,0.00089433,324.545455,15,102,0.85279
63.234,118.26,1.1008,0.93076,330.79,-72.311,143.83,0.97468,3.0058,5.6744e-07,4.2888e-06,0.71745,0.69901,0.57128,0.001059,350,15,102,0.87246
49.707,103,0.35454,0.0036093,342.97,-61.543,860.18,42.858,167.37,4.4299e-10,1.5726e-09,38.36,37.307,104.02,7.0636e-07,70,-35,109,0.028282
123.56,136.34,0.50951,0.0046215,327.8,-46.012,23.996,91.497,86.672,9.2212e-10,3.3514e-09,34.066,33.645,18.995,1.1841e-06,95.454545,-35,109,0.023575
79.054,75.241,0.66491,0.0084465,350.7,-84.084,-9.5223,52.697,44.143,1.1712e-09,4.4211e-09,15.333,14.429,6.3488,1.703e-06,120.909091,-35,109,0.026824
79.022,90.267,0.80932,0.012299,336.21,-66.973,-68.868,25.929,30.555,1.6021e-09,7.1525e-09,10.154,9.9231,5.069,2.4659e-06,146.363636,-35,108,0.02594
79.031,99.257,0.9544,0.018297,343.49,-62.292,-127.97,18.694,26.321,2.8893e-09,1.3807e-08,8.3697,8.2429,4.6408,4.5547e-06,171.818182,-35,109,0.031361
87.382,108.91,1.1167,0.02288,346.26,-61.859,-59.094,13.2,17.719,3.3367e-09,1.5624e-08,5.9034,5.832,3.3202,5.0755e-06,197.272727,-35,109,0.033663
94.882,110.55,1.2647,0.028325,350.73,-38.367,-92.699,12.642,14.673,4.6724e-09,1.9706e-08,5.1676,5.0925,2.7991,6.7664e-06,222.727273,-35,110,0.032628
76.354,94.942,1.4291,0.035515,350.36,-56.528,-114.86,13.303,18.541,7.4718e-09,3.5887e-08,5.7544,5.728,3.1278,1.184e-05,248.181818,-35,110,0.038211
85.573,96.36,1.5745,0.042581,347.95,-55.387,-79.467,12.162,13.701,9.2758e-09,3.9667e-08,4.7359,4.6977,2.3901,1.3851e-05,273.636364,-35,108,0.039489
79.961,102.93,1.7198,0.049662,349.7,-59.478,-84.667,8.2509,12.076,9.7538e-09,4.8217e-08,3.7886,3.7601,2.1514,1.5382e-05,299.090909,-35,110,0.039123
86.612,107.23,1.8539,0.056317,352.88,-59.2,-120.17,7.3716,9.8411,1.1124e-08,5.087e-08,3.2457,3.2311,1.8341,1.6917e-05,324.545455,-35,109,0.038061
92.346,118.57,1.9878,0.063881,350.79,-70.269,-126.79,7.2284,10.074,1.5057e-08,6.9207e-08,3.3493,3.2976,2.0092,2.2571e-05,350,-35,108,0.042153
0.47585,0.29835,0.33909,0.002333,330.85,-91.708,-73.075,6.7966e-05,0.00011652,2.8812e-10,8.7463e-10,61.734,55.751,14.186,4.5665e-07,70,-31,110,0.017995
68.388,87.964,0.48202,0.0039928,335.63,-77.246,4.5928,69.378,105.08,4.7433e-10,2.4919e-09,30.203,28.677,16.159,7.8207e-07,95.454545,-31,109,0.020434
115.64,131.71,0.62233,0.0071317,335.68,-46.88,-64.868,48.64,50.159,1.1916e-09,4.5618e-09,19.122,18.884,10.786,1.5872e-06,120.909091,-31,109,0.02415
69.63,87.467,0.7624,0.010678,338.92,-44.881,-33.921,28.155,40.688,1.3706e-09,6.9852e-09,12.099,11.908,6.3727,2.2354e-06,146.363636,-31,109,0.026475
68.021,77.333,0.91115,0.013733,334.58,-70.738,-62.459,28.834,34.627,1.9971e-09,9.2487e-09,10.628,10.221,5.0828,3.1912e-06,171.818182,-31,108,0.025005
82.458,95.533,1.057,0.019786,346.75,-55.237,-40.613,18.393,21.999,3.0869e-09,1.3838e-08,7.4154,7.3512,3.7959,4.6997e-06,197.272727,-31,110,0.027737
88.011,111.94,1.2042,0.024365,345.2,-54.542,-76.968,13.325,18.534,3.9256e-09,1.8591e-08,6.1199,6.0643,3.5289,5.9838e-06,222.727273,-31,109,0.029861
76.106,87.603,1.3448,0.030976,344.42,-57.507,-94.499,15.353,18.564,5.891e-09,2.6533e-08,5.9555,5.8875,2.9616,9.1579e-06,248.181818,-31,109,0.034803
83.756,116.83,1.4936,0.037078,343.89,-62.631,-92.093,10.028,16.717,7.4459e-09,3.8948e-08,5.1598,5.0931,3.2295,1.1803e-05,273.636364,-31,110,0.035286
74.755,95.387,1.6277,0.041824,341.91,-57.064,-71.855,11.198,16.415,8.955e-09,4.5108e-08,5.0525,4.9959,2.7696,1.4405e-05,299.090909,-31,108,0.034737
81.254,97.152,1.7598,0.046993,343.55,-68.325,-90.676,9.8027,12.499,9.484e-09,4.3471e-08,4.0913,3.9954,2.1564,1.4621e-05,324.545455,-31,109,0.034551
85.249,109.21,1.8845,0.054376,347.94,-60.686,-121.98,8.734,12.464,1.2719e-08,6.0394e-08,4.041,4.0006,2.3462,1.9636e-05,350,-31,109,0.039187
57.173,59.063,0.33152,0.0024994,325.98,-97.918,11.194,175.92,179.99,2.9856e-10,1.3192e-09,49.497,44.28,20.608,4.8238e-07,70,-26,109,0.02777
88.044,101.21,0.46345,0.0050706,337.31,-67.601,-73.289,47.749,55.376,5.3682e-10,2.3248e-09,19.261,18.868,9.9953,8.0019e-07,95.454545,-26,109,0.022386
88.64,88.656,0.61018,0.0085356,327.73,-74.162,-36.575,44.23,39.637,1.1834e-09,4.5474e-09,14.738,14.363,6.6905,1.7029e-06,120.909091,-26,110,0.024402
82.426,80.526,0.74804,0.012828,332.05,-69.347,-31.721,31.553,27.536,1.7639e-09,6.7723e-09,9.9636,9.7147,4.3119,2.5722e-06,146.363636,-26,110,0.027472
97.356,105.94,0.87935,0.016672,334.32,-65.223,-17.468,18.242,18.587,2.1691e-09,8.6982e-09,6.8722,6.7661,3.468,3.08e-06,171.818182,-26,110,0.028306
89.399,99.275,1.029,0.022915,337.41,-71.569,-68.725,15.606,16.914,3.4586e-09,1.4457e-08,6.03,5.8721,3.0334,5.0867e-06,197.272727,-26,110,0.034124
85.137,101.66,1.1687,0.028321,335.45,-62.147,-47.011,12.111,15.176,4.3896e-09,2.0037e-08,5.1189,5.0497,2.7302,6.6821e-06,222.727273,-26,109,0.033068
86.374,100.67,1.3143,0.035531,338.85,-60.052,-65.359,10.63,12.706,5.934e-09,2.6252e-08,4.3697,4.312,2.2841,8.9323e-06,248.181818,-26,108,0.035311
95.356,129.09,1.4591,0.042375,338.72,-71.076,-102.06,7.8315,11.807,7.6825e-09,3.6908e-08,3.8577,3.788,2.4552,1.1523e-05,273.636364,-26,110,0.038096
97.869,116.69,1.5903,0.049015,339.32,-61.891,-80.407,8.7926,10.522,1.0133e-08,4.3415e-08,3.7307,3.682,2.0842,1.4651e-05,299.090909,-26,110,0.041198
104.29,130.37,1.7194,0.054986,335.28,-64.232,-86.039,7.2946,9.2375,1.1375e-08,4.9233e-08,3.2417,3.2004,1.9519,1.618e-05,324.545455,-26,110,0.039248
95.488,110.77,1.8396,0.062004,338.61,-62.076,-113.2,8.1606,9.4115,1.4408e-08,6.024e-08,3.3544,3.3086,1.8148,2.091e-05,350,-26,110,0.046115
117.2,119.37,0.32709,0.0056414,329.17,-84.269,-2.592,29.882,25.332,4.0271e-10,1.4151e-09,10.273,10.027,5.1568,5.2347e-07,70,-22,110,0.028798
89.979,93.915,0.46057,0.011446,336.33,-67.531,61.946,18.942,18.309,9.7563e-10,3.8574e-09,6.7735,6.6285,3.2074,1.411e-06,95.454545,-22,108,0.041108
101.76,111.38,0.60057,0.018996,340.76,-71.171,-49.052,13.443,13.618,2.1392e-09,8.4361e-09,5.1338,5.0279,2.6495,2.9898e-06,120.909091,-22,109,0.043128
98.942,102.58,0.74049,0.028128,340.13,-83.388,-35.28,10.09,9.3608,3.2415e-09,1.2358e-08,3.5859,3.4514,1.7307,4.5223e-06,146.363636,-22,109,0.050845
103.23,114.05,0.88126,0.037596,340.57,-73.561,-65.901,7.5226,7.71,4.7603e-09,1.8742e-08,2.901,2.8374,1.5213,6.6275e-06,171.818182,-22,110,0.051593
103.13,114.62,1.014,0.04916,340.47,-70.183,-92.221,6.7587,7.0216,7.3508e-09,2.8893e-08,2.624,2.5748,1.388,1.0249e-05,197.272727,-22,110,0.057426
99.283,110.54,1.1567,0.060853,340.85,-71.246,-88.627,6.3716,6.7273,1.0472e-08,4.1915e-08,2.4798,2.4277,1.2962,1.4824e-05,222.727273,-22,109,0.065776
121.35,143.03,1.3108,0.074738,340.98,-74.283,-98.972,5.2248,5.5865,1.4685e-08,5.5748e-08,2.0982,2.0665,1.2588,1.9212e-05,248.181818,-22,109,0.064634
126.11,148.78,1.449,0.088997,340.55,-74.734,-120.89,5.1946,5.4655,2.0898e-08,7.711e-08,2.0674,2.0377,1.2678,2.6813e-05,273.636364,-22,110,0.070487
120.69,140.4,1.5785,0.10047,341.86,-73.089,-119.45,4.8027,5.0494,2.4091e-08,9.0183e-08,1.9133,1.8847,1.1342,3.1546e-05,299.090909,-22,109,0.072522
130.24,156.2,1.7093,0.11518,342.16,-71.741,-134,3.9616,4.2111,2.7297e-08,9.9411e-08,1.5833,1.5633,1.0065,3.4468e-05,324.545455,-22,109,0.07689
133.15,157.99,1.8271,0.12773,341.25,-72.887,-146.37,4.0779,4.2147,3.4327e-08,1.2179e-07,1.6025,1.5819,1.0198,4.277e-05,350,-22,110,0.078702
95.921,112.6,0.30335,0.014667,343.27,-74.053,-63.968,10.048,11.755,1.0082e-09,4.3108e-09,4.1731,4.073,2.2738,1.4627e-06,70,-17,110,0.064061
94.286,108.35,0.42369,0.029064,346.21,-70.186,-49.573,6.4535,7.3085,2.467e-09,1.045e-08,2.6102,2.5582,1.3827,3.5833e-06,95.454545,-17,108,0.078845
105.6,127.84,0.55237,0.048412,347.54,-69.015,-65.527,5.2542,6.2487,6.1639e-09,2.5887e-08,2.2379,2.2067,1.305,8.6405e-06,120.909091,-17,109,0.098979
107.04,134.81,0.67825,0.071001,349.13,-70.471,-74.965,4.2414,5.3634,1.1198e-08,4.8121e-08,1.8784,1.8536,1.1506,1.5707e-05,146.363636,-17,109,0.11352
109.57,135.94,0.79496,0.094891,348.96,-70.926,-92.078,3.774,4.6107,1.7626e-08,7.3586e-08,1.6379,1.6163,0.99863,2.4394e-05,171.818182,-17,109,0.13011
117.23,150.4,0.93542,0.12462,349.71,-72.542,-106.15,3.2255,4.0322,2.7269e-08,1.1208e-07,1.4203,1.4036,0.92593,3.6693e-05,197.272727,-17,109,0.14636
122.58,157.22,1.0629,0.1549,349.8,-73.236,-126.4,2.9453,3.6004,3.8773e-08,1.54e-07,1.2782,1.2638,0.8535,5.0958e-05,222.727273,-17,110,0.1557
125.43,165.7,1.1893,0.18504,350.51,-71.426,-138.06,2.6494,3.3551,5.1321e-08,2.0421e-07,1.1704,1.1587,0.81963,6.6819e-05,248.181818,-17,110,0.16484
131.15,175.39,1.3251,0.2203,351.42,-72.275,-153.48,2.464,3.1021,6.8644e-08,2.6544e-07,1.0765,1.0663,0.78485,8.7149e-05,273.636364,-17,109,0.17521
134.16,188.38,1.4445,0.25201,351.51,-72.932,-169.98,2.2571,3.0285,8.5811e-08,3.3459e-07,1.0136,1.0046,0.79777,0.00010789,299.090909,-17,109,0.18151
134.59,190.09,1.5574,0.28447,352.13,-71.128,-186.36,2.1474,2.9104,1.0478e-07,4.0556e-07,0.97053,0.96218,0.77696,0.00013152,324.545455,-17,110,0.1931
142.9,202.3,1.6689,0.31495,351.94,-72.213,-194.46,2.091,2.735,1.2495e-07,4.6023e-07,0.90834,0.9006,0.75568,0.00015064,350,-17,109,0.19631
87.579,107.84,0.24068,0.028709,351.89,-61.164,-83.855,7.5837,9.9677,2.9697e-09,1.3633e-08,3.3136,3.2904,1.8536,4.4924e-06,70,-13,110,0.15074
93.696,131.17,0.33039,0.055498,351.72,-68.887,-52.684,3.6577,5.855,6.3586e-09,3.2033e-08,1.8593,1.8373,1.2127,9.636e-06,95.454545,-13,109,0.19238
96.313,145.06,0.4247,0.093442,354.56,-68.776,-75.209,2.7621,4.9456,1.4799e-08,7.7831e-08,1.5099,1.4969,1.0822,2.2445e-05,120.909091,-13,110,0.23465
99.151,156.18,0.51966,0.1378,355.7,-69.037,-93.08,2.2124,4.2102,2.7106e-08,1.4483e-07,1.256,1.2467,0.96125,4.0849e-05,146.363636,-13,109,0.28569
102.16,168.57,0.61365,0.1873,356.27,-68.268,-104.65,1.8232,3.6835,4.327e-08,2.3478e-07,1.0706,1.0637,0.87732,6.4678e-05,171.818182,-13,110,0.32036
105.12,181.47,0.71614,0.24792,357.37,-68.827,-126.52,1.5229,3.2587,6.608e-08,3.6134e-07,0.92047,0.91504,0.81159,9.7839e-05,197.272727,-13,109,0.36652
107.54,194.58,0.81185,0.30758,357.63,-69.15,-144.3,1.3108,2.9842,9.1112e-08,5.0383e-07,0.81534,0.81069,0.7748,0.00013388,222.727273,-13,110,0.39375
111.47,207.49,0.91263,0.37449,357.8,-70.254,-164.13,1.1782,2.7459,1.2407e-07,6.7458e-07,0.73416,0.72991,0.74335,0.00017889,248.181818,-13,110,0.42645
114.07,219.03,1.0097,0.44157,358.54,-69.336,-183.91,1.0448,2.523,1.5653e-07,8.437e-07,0.657,0.65345,0.70949,0.00022285,273.636364,-13,110,0.45358
116.03,228.85,1.1001,0.50676,358.65,-69.612,-198.95,0.96599,2.4088,1.9417e-07,1.0404e-06,0.61221,0.60892,0.6989,0.00027374,299.090909,-13,110,0.48101
119.78,241.53,1.1884,0.57154,358.79,-69.431,-217.1,0.91583,2.3174,2.3699e-07,1.2365e-06,0.57509,0.57199,0.69949,0.00032699,324.545455,-13,110,0.49622
122.69,251.75,1.2711,0.63462,358.92,-70.406,-230.3,0.87692,2.2456,2.8207e-07,1.4408e-06,0.54585,0.54288,0.69883,0.00038253,350,-13,110,0.51855
80.394,117.68,0.15493,0.033857,353.62,-64.559,-82.904,5.1967,9.5455,3.3449e-09,1.8605e-08,2.8076,2.7879,1.8325,5.4236e-06,70,-8,109,0.263
80.724,145.52,0.20748,0.069136,354.85,-66.426,-51.171,2.1015,5.5133,7.0994e-09,4.8106e-08,1.4483,1.4393,1.1782,1.2003e-05,95.454545,-8,109,0.36023
79.443,163.75,0.2648,0.12172,356.07,-66.82,-70.06,1.3571,4.4905,1.6164e-08,1.2397e-07,1.0822,1.0771,1.0205,2.8185e-05,120.909091,-8,110,0.48684
79.061,178.99,0.31681,0.18081,357.39,-66.958,-89.987,0.99123,3.8381,2.8375e-08,2.3537e-07,0.8683,0.86538,0.91644,5.0337e-05,146.363636,-8,109,0.60405
78.375,196.36,0.36987,0.25078,358.22,-66.998,-105.06,0.73155,3.3541,4.3872e-08,3.9638e-07,0.70547,0.70367,0.84202,7.9294e-05,171.818182,-8,110,0.71172
78.952,214.93,0.42748,0.33574,358.86,-67.083,-127.41,0.57585,3.0049,6.6059e-08,6.2893e-07,0.59333,0.59203,0.7965,0.00012017,197.272727,-8,109,0.82693
79.281,233.85,0.48907,0.43561,359.44,-66.876,-146.24,0.45926,2.7165,9.393e-08,9.3887e-07,0.50175,0.50083,0.75739,0.00017184,222.727273,-8,110,0.9367
80.676,251.51,0.54541,0.53453,359.76,-67.153,-165.37,0.38965,2.4906,1.2423e-07,1.2602e-06,0.43707,0.4362,0.72795,0.00022593,248.181818,-8,110,1.0256
81.23,266.33,0.60367,0.6428,359.74,-67.354,-184.95,0.33748,2.3305,1.6061e-07,1.6554e-06,0.38954,0.3887,0.71108,0.00029166,273.636364,-8,110,1.1113
82.801,283.55,0.65896,0.7487,359.76,-67.381,-200.73,0.30292,2.2162,1.9983e-07,2.0576e-06,0.35292,0.3521,0.70545,0.00035894,299.090909,-8,110,1.1818
84.551,299.31,0.71141,0.85339,359.94,-68.086,-216.45,0.27637,2.1061,2.401e-07,2.4412e-06,0.32167,0.32085,0.69767,0.00042529,324.545455,-8,110,1.2378
86.361,314.56,0.76484,0.96125,359.93,-68.526,-232.34,0.25671,2.0239,2.8582e-07,2.8517e-06,0.29709,0.29627,0.69758,0.00049843,350,-8,109,1.2863
63.934,127.14,0.089979,0.021727,355.13,-61.077,-70.518,3.2784,11.194,1.1282e-09,9.249e-09,2.5819,2.5875,2.1626,2.1179e-06,70,-4,110,0.30439
62.919,167.28,0.11205,0.046019,353.31,-66.227,-36.723,1.03,5.8328,2.1491e-09,2.3692e-08,1.1465,1.1391,1.3035,4.3175e-06,95.454545,-4,110,0.45057
57.693,191.14,0.13675,0.087015,354.73,-66.489,-44.108,0.54965,4.6863,4.9512e-09,6.9954e-08,0.78435,0.78105,1.1162,1.0698e-05,120.909091,-4,110,0.68341
53.976,211.95,0.15991,0.13812,355.52,-66.26,-59.191,0.34054,3.9794,8.8691e-09,1.5104e-07,0.58418,0.58282,0.9979,2.0227e-05,146.363636,-4,110,0.91935
50.991,233.62,0.18467,0.20825,356.03,-66.458,-73.429,0.22428,3.4814,1.4937e-08,2.9944e-07,0.45054,0.44986,0.91626,3.5655e-05,171.818182,-4,110,1.195
49.044,259.88,0.21065,0.29539,356.07,-66.089,-87.679,0.15152,3.0497,2.2474e-08,5.1717e-07,0.34722,0.34697,0.84503,5.5535e-05,197.272727,-4,110,1.469
47.64,282.58,0.23703,0.39783,356.44,-65.984,-104.17,0.11124,2.7405,3.22e-08,8.1765e-07,0.28002,0.28002,0.7921,8.151e-05,222.727273,-4,110,1.7381
47.251,305.78,0.26302,0.51063,356.41,-66.228,-120.47,0.088247,2.5241,4.4169e-08,1.189e-06,0.23496,0.23488,0.75921,0.00011295,248.181818,-4,109,1.9937
47.499,329.21,0.28925,0.63554,356.25,-66.326,-134.61,0.073297,2.3464,5.8587e-08,1.6258e-06,0.20085,0.20072,0.73105,0.00014991,273.636364,-4,109,2.2384
48.232,350.61,0.31267,0.75209,356.13,-66.499,-146.33,0.064974,2.238,7.3743e-08,2.0571e-06,0.17887,0.1787,0.71732,0.0001873,299.090909,-4,109,2.4294
49.214,371.72,0.33511,0.87155,356.07,-66.941,-158.33,0.059206,2.1581,9.0787e-08,2.5103e-06,0.16179,0.16158,0.71026,0.00022786,324.545455,-4,110,2.5957
50.339,391.62,0.35763,0.99702,355.88,-66.866,-171.48,0.055181,2.0985,1.1085e-07,3.0038e-06,0.14856,0.14836,0.70928,0.00027412,350,-4,110,2.7455
54.088,150.47,0.074199,0.0071786,349.36,-70.203,33.526,2.5696,16.798,1.3151e-10,1.6257e-09,3.1033,3.0316,3.4794,2.811e-07,70,1,110,0.12913
42.859,184.02,0.090102,0.017915,347.68,-67.862,32.451,0.56565,8.6466,2.6415e-10,5.5447e-09,1.17,1.1436,1.9696,6.6583e-07,95.454545,1,109,0.22324
34.741,203.38,0.10743,0.039623,347.51,-67.429,26.122,0.21363,6.1289,6.3032e-10,1.958e-08,0.64988,0.6318,1.4497,1.7977e-06,120.909091,1,109,0.40641
28.717,227.19,0.12389,0.07436,348.11,-67.926,25.813,0.098762,5.2094,1.3118e-09,5.8639e-08,0.43234,0.41675,1.2882,4.1704e-06,146.363636,1,109,0.63141
25.184,252.44,0.14115,0.12962,348.95,-67.022,21.522,0.052622,4.467,2.5705e-09,1.4989e-07,0.30275,0.2925,1.1519,8.8134e-06,171.818182,1,110,0.9421
23.194,276.6,0.15695,0.19859,349.19,-67.514,21.254,0.033262,3.9814,4.358e-09,3.0445e-07,0.23065,0.22187,1.0631,1.568e-05,197.272727,1,110,1.2784
22.362,305.52,0.17434,0.29277,349.62,-67.521,20.679,0.023355,3.6179,7.3041e-09,5.7442e-07,0.18251,0.17601,1.001,2.7018e-05,222.727273,1,109,1.6623
22.46,334.36,0.19152,0.40719,349.94,-67.713,18.961,0.01905,3.4289,1.2032e-08,9.9723e-07,0.15547,0.15046,0.97451,4.4834e-05,248.181818,1,110,2.0545
23.124,363.95,0.20752,0.52737,349.87,-67.795,17.762,0.017235,3.3829,1.8452e-08,1.5447e-06,0.14003,0.13606,0.97945,6.8362e-05,273.636364,1,109,2.386
23.933,388.31,0.22146,0.64509,349.83,-67.862,16.929,0.017053,3.4837,2.7088e-08,2.2387e-06,0.13466,0.13131,1.0175,9.9217e-05,299.090909,1,109,2.6996
24.909,411.51,0.23422,0.76129,349.97,-68.014,16.446,0.017366,3.6053,3.7661e-08,3.0286e-06,0.13113,0.12831,1.0566,0.00013575,324.545455,1,110,2.9518
26.055,436.24,0.24709,0.88612,349.91,-67.915,16.98,0.018119,3.7937,5.1852e-08,4.0113e-06,0.12953,0.12723,1.1108,0.00018321,350,1,110,3.1987
53.137,99.159,0.076365,0.0031664,350.19,-67.245,123.31,16.315,52.318,9.8677e-11,7.888e-10,11.34,11.072,8.4312,1.916e-07,70,5,109,0.072454
39.293,125.61,0.093375,0.0082967,338.02,-68.768,84.223,2.0855,19.469,1.4466e-10,2.2807e-09,2.9488,2.8163,3.4538,3.4798e-07,95.454545,5,110,0.11811
30.814,149.27,0.11161,0.021096,334.85,-67.497,88.616,0.57479,12.331,3.7749e-10,9.9774e-09,1.3851,1.3292,2.3887,1.0625e-06,120.909091,5,110,0.22011
22.2,153.76,0.12923,0.045436,335.09,-69.332,104.84,0.23446,10.626,9.205e-10,3.8751e-08,0.86534,0.79244,2.0079,2.9958e-06,146.363636,5,110,0.383
17.479,163.76,0.14699,0.089568,336.2,-68.892,116.21,0.10677,9.0588,2.0578e-09,1.2534e-07,0.57236,0.5048,1.7293,7.4518e-06,171.818182,5,110,0.63216
15.327,176.82,0.16393,0.15469,337.64,-69.597,126.07,0.061287,7.9606,4.2432e-09,3.2822e-07,0.43446,0.36674,1.5919,1.6383e-05,197.272727,5,109,0.94104
14.734,190.83,0.18085,0.24068,339.34,-70.315,140.14,0.042344,6.9263,8.0551e-09,6.9916e-07,0.35642,0.29384,1.4848,3.202e-05,222.727273,5,109,1.2794
15.372,211.02,0.19906,0.35296,341.07,-70.375,148.88,0.034014,6.1664,1.5307e-08,1.3734e-06,0.31504,0.26455,1.4536,6.1162e-05,248.181818,5,109,1.6629
16.349,228.42,0.21525,0.47125,342.28,-70.389,157.89,0.030714,5.6613,2.5793e-08,2.2834e-06,0.29158,0.25086,1.4427,0.00010231,273.636364,5,110,2.009
17.539,244.79,0.22956,0.58445,343.14,-70.509,166.61,0.029881,5.3703,3.9305e-08,3.3598e-06,0.28006,0.24638,1.4642,0.00015377,299.090909,5,109,2.2964
18.856,261.73,0.24334,0.70314,343.74,-70.502,174.84,0.030379,5.2609,5.8107e-08,4.7595e-06,0.2763,0.24828,1.5244,0.00022357,324.545455,5,110,2.5553
20.14,276.81,0.25561,0.81603,344.24,-70.117,181.84,0.03129,5.1849,8.0055e-08,6.2619e-06,0.27326,0.25048,1.5758,0.00030271,350,5,110,2.788
100.66,184.85,0.079632,0.001305,342.15,-93.26,873.91,117.73,272.65,1.6974e-10,4.3255e-10,82.201,79.985,338.8,2.0048e-07,70,10,109,0.057997
29.583,92.329,0.10074,0.0063229,309.2,-65.7,118.28,7.1283,66.351,2.358e-10,3.8812e-09,7.5909,8.7762,9.5409,5.9776e-07,95.454545,10,109,0.09347
22.861,82.173,0.12059,0.019998,314.25,-65.433,108.82,3.5189,44.283,1.1331e-09,2.2967e-08,3.8801,4.5391,5.3818,3.0883e-06,120.909091,10,110,0.20642
17.614,83.134,0.14142,0.050941,319.04,-66.184,112.94,1.622,35.566,3.9616e-09,1.1433e-07,2.3335,2.6848,4.0701,1.2007e-05,146.363636,10,110,0.40363
15.932,90.698,0.16247,0.10611,323.15,-67.188,119.42,0.83873,26.839,1.0541e-08,3.817e-07,1.5773,1.705,3.1835,3.3972e-05,171.818182,10,109,0.69144
15.602,96.62,0.1845,0.19035,327.21,-68.635,125.01,0.52884,20.043,2.3378e-08,9.2926e-07,1.1791,1.1534,2.4559,7.7132e-05,197.272727,10,110,1.0412
16.942,106.21,0.20561,0.29135,330.33,-69.115,134.78,0.39133,15.133,4.4023e-08,1.7343e-06,0.98364,0.90554,2.0291,0.00014429,222.727273,10,110,1.3843
19.266,118.21,0.22653,0.40153,332.99,-69.874,142.45,0.31221,11.448,7.2492e-08,2.7054e-06,0.85839,0.76697,1.7337,0.00023272,248.181818,10,109,1.7062
21.793,129.31,0.2483,0.52721,335.32,-70.208,151.73,0.26696,9.038,1.1319e-07,3.94e-06,0.76515,0.68311,1.5267,0.00035451,273.636364,10,109,1.9889
24.182,138.45,0.26778,0.64608,337.21,-70.016,160,0.2425,7.5432,1.5944e-07,5.1767e-06,0.69918,0.6323,1.386,0.00048736,299.090909,10,109,2.2481
26.541,147.13,0.28651,0.76375,338.02,-70.076,167.69,0.22771,6.5395,2.1408e-07,6.5213e-06,0.6512,0.59737,1.2942,0.00063933,324.545455,10,109,2.4626
29,156.1,0.30432,0.87605,339.13,-70.154,175.13,0.2173,5.7818,2.7337e-07,7.8301e-06,0.61218,0.56835,1.225,0.00079739,350,10,110,2.6439
-0.62526,-0.10194,0.11886,0.0073827,605.93,-146.95,983.45,1.6677e-06,3.937e-06,1.4734e-09,1.5898e-09,31.11,40.207,4.1001,1.0287e-06,70,15,110,0.11628
0.0088756,0.047584,0.16965,0.0075684,163.7,-95.71,403.01,13106,376640,5.7557e-10,3.1856e-08,16.742,15.493,31.696,1.57e-06,95.454545,15,109,0.072084
40.064,97.546,0.21715,0.022576,312.27,-67.603,108.67,12.69,70.397,4.6379e-09,5.4044e-08,10.924,11.789,10.803,1.037e-05,120.909091,15,110,0.14123
39.887,97.352,0.26557,0.05408,321.66,-66.808,79.763,8.6998,48.588,1.8041e-08,2.1189e-07,7.6761,7.9091,7.2399,4.0233e-05,146.363636,15,109,0.24442
37.781,93.907,0.31337,0.10041,324.38,-67.586,82.157,6.2526,36.492,4.376e-08,5.2947e-07,5.5419,5.6068,5.201,9.8938e-05,171.818182,15,109,0.36214
36.99,94.712,0.36493,0.16568,326.86,-67.643,89.587,4.5038,27.944,8.7575e-08,1.0957e-06,4.1684,4.1515,3.9673,0.00020025,197.272727,15,109,0.49225
38.579,97.595,0.41536,0.23995,330.2,-68.018,93.212,3.5519,21.421,1.4711e-07,1.7949e-06,3.3561,3.2747,3.1345,0.00033262,222.727273,15,110,0.61866
41.404,103.61,0.46843,0.32559,332.57,-69.024,100.32,2.8393,16.578,2.2575e-07,2.6708e-06,2.7728,2.6738,2.5886,0.00050245,248.181818,15,110,0.72682
43.758,106.71,0.5259,0.42534,334.37,-68.884,108.34,2.395,13.188,3.2697e-07,3.6967e-06,2.3191,2.2328,2.1369,0.00071475,273.636364,15,109,0.8404
47.339,112.77,0.57438,0.50881,335.38,-69.648,116.84,2.1258,11.016,4.2536e-07,4.5768e-06,2.0578,1.9811,1.8977,0.00090884,299.090909,15,110,0.91488
49.871,115.82,0.62356,0.59627,336.44,-69.935,123.29,1.9457,9.5014,5.3488e-07,5.5017e-06,1.8492,1.7812,1.69,0.0011216,324.545455,15,110,0.98902
52.835,120.05,0.6694,0.68075,337.35,-70.171,130.19,1.7974,8.3077,6.4832e-07,6.382e-06,1.6835,1.6249,1.5358,0.0013328,350,15,110,1.0435
